model,cv_rmse,cv_r2,cv_mae,test_rmse,test_r2,test_mae
LinearRegression,53.5538307526658,0.9331162115248194,43.27939933732631,50.72543035748792,0.9585823924221122,38.40945510514863
DecisionTree d=5,71.60589228859578,0.8851063747180119,45.50760594035594,96.31154311850932,0.8506895477703991,64.47999999999999
GradientBoosting,46.60974858611577,0.9488858380351874,30.79287247367339,50.36379049166688,0.9591708493457222,38.96499045347583
